Full Name,Age,Annual Income
Alice,24.0,-1.188456721353821
Bob,27.0,-0.47538268854152865
Charlie,26.6,-0.8319197049476749
David,32.0,0.2376913442707638
Eve,28.0,0.9507653770830563
Unknown,22.0,1.3073023934892025
